{
  "ts_start": 1756767499.232834,
  "attempts": [],
  "notes": [],
  "ts_end": 1756767506.7709937
}